Workbook

Sheet 学生成绩测算表
A1: =TODAY() -> 44863 | B1: 《计算机文化基础》成绩测算
B3: 姓名 | C3: 测试1 | D3: 测试2 | E3: 测试3 | F3: 测试4 | G3: 测试平均分 | H3: 家庭作业 | I3: 学期总评 | J3: 成绩排名 | K3: 最终等级
B4: 王林 | C4: 80 | D4: 71 | E4: 70 | F4: 84 | G4: =AVERAGE(C4:F4) -> 76.25 | H4: 差 | I4: =IF(H4="好",G4+$H$19,G4) -> 76.25 | J4: =_xlfn.RANK.EQ(I4,$I$4:$I$17,0) -> 11 | K4: =VLOOKUP(I4,等级标准!$A$2:$B$6,2) -> 中等
B5: 张龙 | C5: 96 | D5: 98 | E5: 97 | F5: 90 | G5: =AVERAGE(C5:F5) -> 95.25 | H5: 好 | I5: =IF(H5="好",G5+$H$19,G5) -> 98.25 | J5: =_xlfn.RANK.EQ(I5,$I$4:$I$17,0) -> 1 | K5: =VLOOKUP(I5,等级标准!$A$2:$B$6,2) -> 优秀
B6: 宁一 | C6: 78 | D6: 81 | E6: 70 | F6: 78 | G6: =AVERAGE(C6:F6) -> 76.75 | H6: 好 | I6: =IF(H6="好",G6+$H$19,G6) -> 79.75 | J6: =_xlfn.RANK.EQ(I6,$I$4:$I$17,0) -> 7 | K6: =VLOOKUP(I6,等级标准!$A$2:$B$6,2) -> 中等
B7: 向勇 | C7: 65 | D7: 65 | E7: 65 | F7: 60 | G7: =AVERAGE(C7:F7) -> 63.75 | H7: 好 | I7: =IF(H7="好",G7+$H$19,G7) -> 66.75 | J7: =_xlfn.RANK.EQ(I7,$I$4:$I$17,0) -> 12 | K7: =VLOOKUP(I7,等级标准!$A$2:$B$6,2) -> 及格
B8: 李平 | C8: 92 | D8: 95 | E8: 79 | F8: 80 | G8: =AVERAGE(C8:F8) -> 86.5 | H8: 好 | I8: =IF(H8="好",G8+$H$19,G8) -> 89.5 | J8: =_xlfn.RANK.EQ(I8,$I$4:$I$17,0) -> 3 | K8: =VLOOKUP(I8,等级标准!$A$2:$B$6,2) -> 良好
B9: 张华 | C9: 90 | D9: 90 | E9: 90 | F9: 70 | G9: =AVERAGE(C9:F9) -> 85 | H9: 好 | I9: =IF(H9="好",G9+$H$19,G9) -> 88 | J9: =_xlfn.RANK.EQ(I9,$I$4:$I$17,0) -> 4 | K9: =VLOOKUP(I9,等级标准!$A$2:$B$6,2) -> 良好
B10: 李明 | C10: 60 | D10: 50 | E10: 40 | F10: 79 | G10: =AVERAGE(C10:F10) -> 57.25 | H10: 好 | I10: =IF(H10="好",G10+$H$19,G10) -> 60.25 | J10: =_xlfn.RANK.EQ(I10,$I$4:$I$17,0) -> 14 | K10: =VLOOKUP(I10,等级标准!$A$2:$B$6,2) -> 及格
B11: 刘平 | C11: 75 | D11: 70 | E11: 65 | F11: 95 | G11: =AVERAGE(C11:F11) -> 76.25 | H11: 好 | I11: =IF(H11="好",G11+$H$19,G11) -> 79.25 | J11: =_xlfn.RANK.EQ(I11,$I$4:$I$17,0) -> 8 | K11: =VLOOKUP(I11,等级标准!$A$2:$B$6,2) -> 中等
B12: 宁玉 | C12: 90 | D12: 90 | E12: 80 | F12: 90 | G12: =AVERAGE(C12:F12) -> 87.5 | H12: 差 | I12: =IF(H12="好",G12+$H$19,G12) -> 87.5 | J12: =_xlfn.RANK.EQ(I12,$I$4:$I$17,0) -> 5 | K12: =VLOOKUP(I12,等级标准!$A$2:$B$6,2) -> 良好
B13: 赵龙 | C13: 82 | D13: 78 | E13: 62 | F13: 77 | G13: =AVERAGE(C13:F13) -> 74.75 | H13: 好 | I13: =IF(H13="好",G13+$H$19,G13) -> 77.75 | J13: =_xlfn.RANK.EQ(I13,$I$4:$I$17,0) -> 10 | K13: =VLOOKUP(I13,等级标准!$A$2:$B$6,2) -> 中等
B14: 马军 | C14: 92 | D14: 88 | E14: 65 | F14: 78 | G14: =AVERAGE(C14:F14) -> 80.75 | H14: 好 | I14: =IF(H14="好",G14+$H$19,G14) -> 83.75 | J14: =_xlfn.RANK.EQ(I14,$I$4:$I$17,0) -> 6 | K14: =VLOOKUP(I14,等级标准!$A$2:$B$6,2) -> 良好
B15: 刘力 | C15: 94 | D15: 92 | E15: 86 | F15: 84 | G15: =AVERAGE(C15:F15) -> 89 | H15: 好 | I15: =IF(H15="好",G15+$H$19,G15) -> 92 | J15: =_xlfn.RANK.EQ(I15,$I$4:$I$17,0) -> 2 | K15: =VLOOKUP(I15,等级标准!$A$2:$B$6,2) -> 优秀
... B17: 王芳 | C17: 60 | D17: 50 | E17: 65 | F17: 80 | G17: =AVERAGE(C17:F17) -> 63.75 | H17: 差 | I17: =IF(H17="好",G17+$H$19,G17) -> 63.75 | J17: =_xlfn.RANK.EQ(I17,$I$4:$I$17,0) -> 13 | K17: =VLOOKUP(I17,等级标准!$A$2:$B$6,2) -> 及格
A19: 10432201** | G19: 作业加分 | H19: 3
B21: 统计结果： | C21: 等级 | D21: 人数
C22: 优秀 | D22: =COUNTIF($K$4:$K$17,C22) -> 2
C23: 良好 | D23: =COUNTIF($K$4:$K$17,C23) -> 4
C24: 中等 | D24: =COUNTIF($K$4:$K$17,C24) -> 5
C25: 及格 | D25: =COUNTIF($K$4:$K$17,C25) -> 3
C26: 不及格 | D26: =COUNTIF($K$4:$K$17,C26) -> 0

Sheet 等级标准
A1: 分数段 | B1: 等级
A2: 0 | B2: 不及格
A3: 60 | B3: 及格
A4: 70 | B4: 中等
A5: 80 | B5: 良好
A6: 90 | B6: 优秀
